institution,sport,wins,losses,ties,season,source_note
Creighton,soccer,8,4,4,2025,Big East; NCAA official stats; equalizer sport (no football)
Denver,soccer,12,7,3,2025,Summit League; equalizer sport (no football)
Seton Hall,soccer,7,4,8,2025,Big East; equalizer sport (no football)
St. John's,soccer,9,6,4,2025,Big East; equalizer sport (no football)
Marquette,soccer,7,7,2,2025,Big East; equalizer sport (no football)
Providence,soccer,6,7,3,2025,Big East; equalizer sport (no football)
Xavier,soccer,5,6,4,2025,Big East; equalizer sport (no football)
Gonzaga,soccer,5,8,3,2025,WCC; equalizer sport (no football)
DePaul,soccer,2,8,7,2025,Big East; equalizer sport (no football)
Saint Mary's,soccer,2,8,6,2025,WCC; equalizer sport (no football)
